station_name,date,value,quality
Sherburn Quarry 3,2023-06-26T11:12:00,16.998,Good
Whitworth Hall,2023-06-27T08:29:00,54.86,Good
Pipe Green,2023-06-27T14:07:00,81.32,Good
Black Hall Farm,2023-06-28T07:41:00,105.36,Good
Itteringham 2,2023-06-29T09:00:00,30.58,Good
Amotherby,2023-06-29T09:24:00,16.61,Good
Kemps Drift,2023-06-29T09:55:00,11.29,Good
Wrelton Paddock,2023-06-29T12:29:00,30.66,Good
Cundall Sandstone,2023-06-29T12:57:00,16.205,Good
Hungerdowns Farm,2023-06-29T14:30:00,32.45,Good
Slough Farm,2023-06-29T14:43:00,2.53,Good
Pipstile Farm Uphampton,2023-06-30T10:28:00,61.94,Unchecked
Bessacar,2023-07-03T07:30:00,2.89,Good
Sutton Heath Road,2023-07-03T08:03:00,18.83,Good
Croxton Heath,2023-07-03T11:52:00,27.36,Good
Mill Road,2023-07-03T12:46:00,18.05,Good
Thames Head,2023-07-04T09:03:00,99.11,Good
Sproxton,2023-07-04T10:10:00,44.242,Good
Tollgate,2023-07-04T12:30:00,10.34,Good
North Stoke,2023-07-04T13:33:00,4.108,Good
Trowley Bottom Farm,2023-07-04T15:18:00,107.87,Good
Spoondell,2023-07-05T08:25:00,126.6,Good
Old Mill Farm B,2023-07-05T11:30:00,12.677,Good
Old Mill Farm T,2023-07-05T11:33:00,12.77,Good
Rats Pen Lane Chalk,2023-07-06T05:44:00,7.57,Good
East Leake,2023-07-06T10:02:00,28.35,Good
Grange Farm West Wratting,2023-07-06T13:03:00,64.61,Good
Caldecote Farm,2023-07-07T09:05:00,7.045,Good
Cockley Cley Copse,2023-07-07T09:58:00,20.635,Good
Lynstead,2023-07-07T09:59:00,19.303,Good
Pickworth,2023-07-10T12:44:00,24.0,Good
Sutton Top Field Spinney,2023-07-12T10:08:00,15.02,Good
Plucks Gutter,2023-07-12T11:37:00,0.91,Good
Wested Farm,2023-07-13T13:08:00,42.32,Good
Walcot,2023-07-14T08:31:00,14.26,Good
Whitworth Hall,2023-07-14T11:02:00,54.84,Good
Blowing Stone Cottage,2023-07-17T11:59:00,111.98,Good
Lydeards Hill,2023-07-18T11:24:00,320.25,Good
Ingleby,2023-07-18T11:30:00,45.85,Unchecked
Ingleby,2023-07-18T12:30:00,45.85,Good
Frome,2023-07-20T07:18:00,54.84,Good
Winchester Guildhall,2023-07-20T09:55:00,33.23,Good
Upavon Deep,2023-07-20T11:12:00,90.7,Good
Upavaon Shallow,2023-07-20T11:16:00,91.41,Good
Black Hall Farm,2023-07-21T11:40:00,105.28,Good
Pipe Green,2023-07-24T06:00:00,80.42,Good
Itteringham 2,2023-07-25T07:44:00,30.24,Good
West Cowick,2023-07-25T08:59:00,5.281,Good
Amotherby,2023-07-25T09:01:00,16.49,Good
Old Hall,2023-07-25T10:33:00,38.32,Good
Wrelton Paddock,2023-07-25T11:56:00,30.54,Good
Cocker Bridge,2023-07-25T12:00:00,4.39,Good
Hornsea,2023-07-25T12:02:00,15.16,Good
Royalty Farm,2023-07-26T10:10:00,43.69,Good
Myddlewood,2023-07-27T08:00:00,61.24,Unchecked
Myddlewood,2023-07-27T09:00:00,61.24,Good
Crudwell,2023-07-28T08:00:00,85.61,Good
Hambleton,2023-07-28T12:07:00,5.065,Good
Sherburn Quarry 3,2023-07-28T13:09:00,17.018,Good
Hungerdowns Farm,2023-07-31T10:55:00,32.47,Good
Fox Hall,2023-08-02T10:37:00,76.96,Unchecked
Mill Road,2023-08-02T11:08:00,17.99,Good
Old Mill Farm B,2023-08-03T06:48:00,12.737,Good
Old Mill Farm T,2023-08-03T06:49:00,12.81,Good
Wested Farm,2023-08-03T06:56:00,42.7,Good
Pickworth,2023-08-03T08:25:00,23.81,Good
North Stoke,2023-08-03T09:00:00,0.628,Good
Walcot,2023-08-03T11:47:00,14.46,Good
Bowbridge,2023-08-03T11:47:00,82.87,Good
Crudwell,2023-08-04T07:45:00,85.08,Good
Marlston Farm,2023-08-04T09:39:00,69.77,Good
Kemps Drift,2023-08-04T12:50:00,11.42,Good
Plucks Gutter,2023-08-07T08:54:00,0.9,Good
Trowley Bottom Farm,2023-08-07T09:29:00,107.66,Good
Spoondell,2023-08-07T11:36:00,126.51,Good
East Leake,2023-08-08T08:55:00,28.39,Good
Ponyfield,2023-08-09T09:13:00,-2.13,Good
Rats Pen Lane Chalk,2023-08-09T10:20:00,7.56,Good
Bessacar,2023-08-09T12:22:00,3.12,Good
Lynstead,2023-08-09T12:34:00,19.083,Good
Tollgate,2023-08-10T08:09:00,10.31,Good
Grange Farm West Wratting,2023-08-10T11:55:00,64.1,Good
Thames Head,2023-08-15T09:08:00,98.72,Good
Rowton,2023-08-16T08:42:00,57.45,Unchecked
Wood Mill Farm,2023-08-16T09:53:00,60.05,Unchecked
Wood Mill Farm,2023-08-16T09:53:00,62.95,Unchecked
Blowing Stone Cottage,2023-08-16T11:42:00,111.13,Good
Wrelton Paddock,2023-08-17T07:33:00,30.27,Good
Royalty Farm,2023-08-17T09:15:00,43.59,Good
Whitworth Hall,2023-08-17T13:19:00,54.76,Good
Frome,2023-08-21T08:47:00,55.29,Good
Ingleby,2023-08-21T10:00:00,45.84,Good
Black Hall Farm,2023-08-21T10:56:00,105.18,Good
Lydeards Hill,2023-08-21T11:49:00,318.64,Good
Itteringham 2,2023-08-22T10:23:00,30.17,Good
Old Hall,2023-08-22T11:30:00,38.12,Good
Upavon Deep,2023-08-22T11:38:00,90.49,Good
Upavaon Shallow,2023-08-22T11:40:00,90.32,Good
West Cowick,2023-08-23T09:10:00,4.861,Good
Hornsea,2023-08-23T11:12:00,16.05,Good
Marlston Farm,2023-08-24T09:48:00,69.63,Good
Pipe Green,2023-08-24T11:54:00,81.05,Good
Sherburn Quarry 3,2023-08-25T11:52:00,17.038,Good
Kemps Drift,2023-08-25T12:05:00,11.3,Good
Hungerdowns Farm,2023-08-29T13:20:00,32.55,Good
Slough Farm,2023-08-29T13:49:00,1.81,Good
Myddlewood,2023-08-30T07:55:00,61.15,Unchecked
Myddlewood,2023-08-30T08:55:00,61.15,Good
Mill Road,2023-09-01T09:11:00,17.9,Good
Winchester Guildhall,2023-09-01T09:11:00,35.7,Good
Bessacar,2023-09-01T13:04:00,2.95,Good
Walcot,2023-09-04T07:30:00,14.34,Good
Crudwell,2023-09-04T07:58:00,84.07,Good
Spoondell,2023-09-05T08:06:00,127.04,Good
Ponyfield,2023-09-05T08:17:00,-2.11,Good
Rats Pen Lane Chalk,2023-09-06T05:52:00,7.45,Good
Trowley Bottom Farm,2023-09-06T14:47:00,107.41,Good
Sutton Top Field Spinney,2023-09-08T09:58:00,17.31,Good
Sutton Heath Road,2023-09-08T10:01:00,18.71,Good
Plucks Gutter,2023-09-08T12:18:00,0.9,Good
North Stoke,2023-09-08T13:45:00,2.968,Good
Thames Head,2023-09-11T10:23:00,98.26,Good
Grange Farm West Wratting,2023-09-11T11:09:00,64.58,Good
Pickworth,2023-09-12T08:28:00,23.23,Good
Jevington,2023-09-12T10:00:00,29.19,Good
Tollgate,2023-09-13T08:40:00,9.71,Good
Marlston Farm,2023-09-13T12:00:00,69.53,Good
Wested Farm,2023-09-14T07:48:00,41.99,Good
Whitworth Hall,2023-09-14T09:06:00,54.75,Good
Willow Tree Farm,2023-09-14T10:09:00,71.145,Good
Lynstead,2023-09-14T10:32:00,18.433,Good
Aughton Cliffs Farm,2023-09-14T10:40:00,17.33,Good
Blowing Stone Cottage,2023-09-15T07:23:00,110.71,Good
Itteringham 2,2023-09-18T08:27:00,30.44,Good
Old Hall,2023-09-18T08:50:00,38.14,Good
Ingleby,2023-09-18T09:39:00,45.84,Good
Black Hall Farm,2023-09-19T08:01:00,105.1,Good
East Leake,2023-09-19T09:02:00,28.27,Good
Amotherby,2023-09-19T09:15:00,16.34,Good
Old Mill Farm T,2023-09-19T10:04:00,12.62,Good
Old Mill Farm B,2023-09-19T10:09:00,12.487,Good
Lydeards Hill,2023-09-19T10:17:00,318.11,Good
Isleham Fen,2023-09-19T14:44:00,-3.44,Good
Winchester Guildhall,2023-09-20T08:38:00,35.7,Good
Frome,2023-09-20T08:52:00,54.7,Good
Pipe Green,2023-09-21T11:28:00,81.12,Good
Hornsea,2023-09-21T11:58:00,16.38,Good
Sherburn Quarry 3,2023-09-22T11:08:00,17.038,Good
West Cowick,2023-09-25T08:47:00,4.796,Good
Wrelton Paddock,2023-09-25T13:31:00,30.06,Good
Slough Farm,2023-09-26T09:00:00,1.71,Good
Myddlewood,2023-09-26T09:10:00,61.08,Good
Hungerdowns Farm,2023-09-26T10:03:00,32.42,Good
Upavon Deep,2023-09-26T13:51:00,89.98,Good
Upavaon Shallow,2023-09-26T13:53:00,90.78,Good
Pipstile Farm Uphampton,2023-09-27T11:36:00,61.17,Unchecked
Mayhouse Farm,2023-09-28T07:32:00,34.42,Unchecked
Cundall Sandstone,2023-09-28T11:09:00,16.35,Good
Kemps Drift,2023-09-29T09:45:00,11.255,Good
Rats Pen Lane Chalk,2023-10-02T05:34:00,7.5,Good
Sutton Heath Road,2023-10-02T11:28:00,18.74,Good
Sutton Top Field Spinney,2023-10-02T11:45:00,14.81,Good
Pickworth,2023-10-03T10:22:00,23.21,Good
Walcot,2023-10-04T08:08:00,14.31,Good
Ponyfield,2023-10-04T09:14:00,-2.56,Good
Bessacar,2023-10-04T10:27:00,4.1,Good
Thames Head,2023-10-05T08:52:00,99.68,Good
Blowing Stone Cottage,2023-10-06T07:59:00,110.84,Good
Tollgate,2023-10-06T09:03:00,9.57,Good
Sproxton,2023-10-06T09:16:00,44.852,Good
Plucks Gutter,2023-10-06T09:29:00,0.88,Good
Old Mill Farm T,2023-10-06T10:10:00,12.62,Good
Old Mill Farm B,2023-10-06T10:14:00,12.467,Good
Wested Farm,2023-10-09T08:50:00,41.46,Good
Chalton,2023-10-10T09:00:00,37.49,Good
Lynstead,2023-10-10T10:26:00,18.503,Good
Caldecote Farm,2023-10-10T10:27:00,7.195,Good
Cockley Cley Copse,2023-10-10T11:08:00,20.29,Good
Crudwell,2023-10-11T09:14:00,84.18,Good
Pipstile Farm Uphampton,2023-10-16T08:17:00,60.96,Unchecked
Winchester Guildhall,2023-10-16T09:07:00,35.7,Good
Itteringham 2,2023-10-16T12:34:00,30.55,Good
Old Hall,2023-10-16T12:36:00,37.99,Good
Woore,2023-10-17T08:56:00,136.285,Good
Rowton,2023-10-17T09:38:00,58.06,Unchecked
Wood Mill Farm,2023-10-17T10:04:00,60.07,Unchecked
Wood Mill Farm,2023-10-17T10:12:00,63.08,Unchecked
Amotherby,2023-10-17T10:56:00,16.35,Good
Pipe Green,2023-10-17T11:34:00,81.09,Good
Slough Farm,2023-10-19T08:25:00,1.85,Good
Hungerdowns Farm,2023-10-19T08:44:00,32.4,Good
Ingleby,2023-10-19T09:01:00,45.83,Good
Mayhouse Farm,2023-10-19T11:44:00,35.89,Unchecked
Black Hall Farm,2023-10-20T06:34:00,105.21,Good
East Leake,2023-10-20T09:09:00,28.56,Good
Hornsea,2023-10-20T12:12:00,16.43,Good
Upavon Deep,2023-10-20T12:36:00,90.81,Good
Upavaon Shallow,2023-10-20T12:39:00,90.63,Good
Frome,2023-10-23T09:54:00,56.14,Good
Royalty Farm,2023-10-23T10:02:00,43.61,Good
Lydeards Hill,2023-10-23T12:52:00,321.56,Good
Whitworth Hall,2023-10-23T13:22:00,54.74,Good
Warnford Estate,2023-10-24T10:33:00,67.95,Good
Myddlewood,2023-10-25T10:15:00,61.19,Good
Kemps Drift,2023-10-25T11:20:00,11.33,Good
Cocker Bridge,2023-10-25T12:00:00,5.23,Good
Blackmore Farm,2023-10-25T12:10:00,95.59,Good
Wrelton Paddock,2023-10-26T11:22:00,30.3,Good
Hambleton,2023-10-26T12:06:00,5.41,Good
Sherburn Quarry 3,2023-10-26T13:12:00,17.458,Good
West Cowick,2023-10-27T08:51:00,5.771,Good
Brislands Lane,2023-10-27T14:55:00,84.01,Good
Bessacar,2023-11-02T07:29:00,3.47,Good
Walcot,2023-11-02T08:56:00,20.16,Good
Ponyfield,2023-11-03T07:29:00,-2.42,Good
Crudwell,2023-11-03T11:58:00,91.8,Good
Old Mill Farm B,2023-11-03T11:59:00,12.437,Good
Old Mill Farm T,2023-11-03T12:07:00,13.2,Good
Tollgate,2023-11-03T12:10:00,10.77,Good
Lynstead,2023-11-06T08:22:00,18.243,Good
Thames Head,2023-11-06T10:01:00,101.98,Good
Plucks Gutter,2023-11-06T11:30:00,1.35,Good
Trowley Bottom Farm,2023-11-06T11:51:00,107.09,Good
Sutton Heath Road,2023-11-07T09:27:00,19.31,Good
Sutton Top Field Spinney,2023-11-07T09:29:00,18.34,Good
Pickworth,2023-11-07T11:11:00,32.93,Good
Rats Pen Lane Chalk,2023-11-08T07:14:00,7.74,Good
Spoondell,2023-11-08T09:23:00,129.85,Good
Wested Farm,2023-11-08T09:45:00,43.16,Good
Chalton,2023-11-10T09:00:00,55.17,Good
Slough Farm,2023-11-16T10:32:00,1.97,Good
Blowing Stone Cottage,2023-11-16T10:48:00,119.36,Good
Hungerdowns Farm,2023-11-16T11:00:00,32.72,Good
Pipstile Farm Uphampton,2023-11-20T08:36:00,61.49,Unchecked
West Cowick,2023-11-20T10:03:00,5.916,Good
Mayhouse Farm,2023-11-20T12:15:00,36.63,Unchecked
Black Hall Farm,2023-11-21T08:03:00,105.79,Good
Whitworth Hall,2023-11-21T08:53:00,54.85,Good
Ingleby,2023-11-21T09:55:00,45.83,Good
Frome,2023-11-21T10:14:00,56.97,Good
Upavaon Shallow,2023-11-21T11:06:00,91.16,Good
Upavon Deep,2023-11-21T11:11:00,91.47,Good
Winchester Guildhall,2023-11-21T12:00:00,33.83,Good
Old Hall,2023-11-21T12:24:00,39.78,Good
Pipe Green,2023-11-21T13:14:00,80.57,Good
Lydeards Hill,2023-11-23T09:44:00,326.85,Good
Amotherby,2023-11-23T11:32:00,20.38,Good
Sherburn Quarry 3,2023-11-23T12:28:00,17.608,Good
Wrelton Paddock,2023-11-23T13:25:00,33.27,Good
North Stoke,2023-11-24T09:50:00,9.538,Good
Jackaments Bottom,2023-11-27T11:54:00,104.06,Good
Hornsea,2023-11-27T12:30:00,17.23,Good
Woore,2023-11-28T09:25:00,136.255,Good
Beenham,2023-11-28T13:11:00,52.985,Good
Kemps Drift,2023-11-30T09:53:00,11.4,Good
Myddlewood,2023-11-30T10:15:00,60.92,Good
Bessacar,2023-12-01T07:51:00,3.21,Good
Ponyfield,2023-12-01T08:55:00,-2.42,Good
Walcot,2023-12-01T09:18:00,17.94,Good
Grange Farm West Wratting,2023-12-01T13:53:00,64.41,Good
Plucks Gutter,2023-12-04T08:35:00,1.59,Good
Pickworth,2023-12-04T10:22:00,31.58,Good
Tollgate,2023-12-04T11:41:00,10.45,Good
Rats Pen Lane Chalk,2023-12-06T07:26:00,7.87,Good
Lynstead,2023-12-06T07:44:00,18.223,Good
East Leake,2023-12-06T08:43:00,29.77,Good
Bowbridge,2023-12-07T10:54:00,82.89,Good
Aughton Cliffs Farm,2023-12-11T11:02:00,17.77,Good
Wrelton Paddock,2023-12-11T11:59:00,34.97,Good
Sutton Heath Road,2023-12-11T14:45:00,20.29,Good
Sutton Top Field Spinney,2023-12-11T14:46:00,19.37,Good
Wested Farm,2023-12-12T09:05:00,43.23,Good
Amotherby,2023-12-12T12:14:00,21.69,Good
Isleham Fen,2023-12-13T08:19:00,-3.19,Good
Jevington,2023-12-13T10:30:00,60.7,Good
Hornsea,2023-12-13T12:05:00,18.96,Good
Hursley,2023-12-14T09:00:00,42.63,Good
Spoondell,2023-12-15T10:09:00,131.49,Good
Trowley Bottom Farm,2023-12-15T10:58:00,107.4,Good
Ingleby,2023-12-18T08:10:00,45.84,Good
Black Hall Farm,2023-12-18T08:14:00,106.34,Good
Slough Farm,2023-12-18T09:42:00,2.26,Good
Hungerdowns Farm,2023-12-18T10:04:00,32.84,Good
Pipe Green,2023-12-18T10:56:00,81.12,Good
Frome,2023-12-18T11:55:00,56.69,Good
Upavaon Shallow,2023-12-18T11:57:00,91.1,Good
Sherburn Quarry 3,2023-12-19T11:00:00,17.568,Good
North Stoke,2023-12-19T11:23:00,10.848,Good
Woore,2023-12-19T12:33:00,136.285,Good
Lydeards Hill,2023-12-19T13:06:00,326.78,Good
Winchester Guildhall,2023-12-20T08:20:00,33.89,Good
Whitworth Hall,2023-12-20T08:59:00,55.29,Good
Thames Head,2023-12-20T09:00:00,101.63,Good
Cundall Sandstone,2023-12-20T12:00:00,16.86,Good
Challenge Farm,2023-12-20T15:00:00,69.17,Good
Itteringham 2,2023-12-21T08:16:00,30.52,Good
Old Hall,2023-12-21T09:25:00,39.86,Good
Kemps Drift,2023-12-21T10:55:00,11.461,Good
Blowing Stone Cottage,2023-12-21T12:30:00,119.46,Good
Sproxton,2023-12-21T13:17:00,49.17,Good
West Cowick,2023-12-27T11:26:00,6.071,Good
Crudwell,2023-12-28T10:14:00,92.96,Good
Myddlewood,2023-12-29T09:50:00,61.2,Good
Rats Pen Lane Chalk,2024-01-02T07:55:00,8.09,Good
Wested Farm,2024-01-02T08:49:00,43.85,Good
Old Mill Farm T,2024-01-02T09:22:00,13.91,Good
Old Mill Farm B,2024-01-02T09:25:00,13.057,Good
Tollgate,2024-01-02T10:33:00,10.84,Good
Main Road Croxton,2024-01-02T10:39:00,15.01,Good
Mill Road,2024-01-02T11:51:00,18.61,Good
Hursley,2024-01-04T09:00:00,44.53,Good
East Leake,2024-01-04T09:16:00,29.73,Good
Hyde Cottages Risby,2024-01-04T09:54:00,29.16,Good
Plucks Gutter,2024-01-04T10:35:00,1.59,Good
Lynstead,2024-01-05T08:23:00,18.553,Good
Spoondell,2024-01-05T08:48:00,134.48,Good
Walcot,2024-01-05T09:28:00,20.84,Good
Grange Farm West Wratting,2024-01-08T09:28:00,66.05,Good
Pickworth,2024-01-08T12:37:00,37.12,Good
Sproxton,2024-01-08T15:39:00,50.612,Good
Water Acre,2024-01-09T12:59:00,144.593,Good
Sutton Top Field Spinney,2024-01-09T15:15:00,18.31,Good
Sutton Heath Road,2024-01-09T15:15:00,19.32,Good
Ponyfield,2024-01-10T08:57:00,-2.74,Good
Trowley Bottom Farm,2024-01-10T09:32:00,108.43,Good
Thames Head,2024-01-15T08:14:00,101.4,Good
Itteringham 2,2024-01-16T12:06:00,30.59,Good
Blowing Stone Cottage,2024-01-17T08:54:00,122.03,Good
Ingleby,2024-01-17T10:05:00,45.83,Good
Slough Farm,2024-01-17T11:41:00,2.77,Good
Hungerdowns Farm,2024-01-17T12:07:00,33.69,Good
Crudwell,2024-01-17T12:13:00,93.15,Good
Old Hall,2024-01-17T13:13:00,40.15,Good
Pipe Green,2024-01-17T13:18:00,81.45,Good
Upavaon Shallow,2024-01-18T09:20:00,90.92,Good
Upavon Deep,2024-01-18T09:25:00,91.47,Good
Frome,2024-01-18T10:59:00,56.65,Good
North Stoke,2024-01-18T11:16:00,7.918,Good
Wrelton Paddock,2024-01-18T13:44:00,34.67,Good
Lydeards Hill,2024-01-19T11:34:00,326.13,Good
Hornsea,2024-01-19T12:40:00,17.68,Good
Black Hall Farm,2024-01-22T09:21:00,106.65,Good
Hambleton,2024-01-22T12:48:00,5.54,Good
Sherburn Quarry 3,2024-01-22T14:27:00,17.388,Good
West Cowick,2024-01-23T10:04:00,5.861,Good
Kemps Drift,2024-01-24T10:28:00,11.5,Good
Amotherby,2024-01-24T13:29:00,20.9,Good
Myddlewood,2024-01-25T10:25:00,61.06,Good
Marlston Farm,2024-01-26T14:14:00,71.42,Good
Winchester Guildhall,2024-01-29T07:12:00,35.7,Good
Whitworth Hall,2024-01-31T13:38:00,55.88,Good
East Leake,2024-02-01T07:33:00,28.69,Good
Tollgate,2024-02-01T08:06:00,11.01,Good
Ponyfield,2024-02-01T08:46:00,-2.64,Good
Grange Farm West Wratting,2024-02-01T09:11:00,66.09,Good
Old Mill Farm B,2024-02-01T09:36:00,12.917,Good
Old Mill Farm T,2024-02-01T09:36:00,13.14,Good
Wested Farm,2024-02-01T09:58:00,43.71,Good
Lynstead,2024-02-01T11:04:00,18.973,Good
Mill Road,2024-02-01T11:09:00,18.76,Good
Plucks Gutter,2024-02-02T07:04:00,1.5,Good
Walcot,2024-02-02T08:05:00,17.62,Good
Thames Head,2024-02-02T09:47:00,101.02,Good
Main Road Croxton,2024-02-02T12:23:00,15.76,Good
Rats Pen Lane Chalk,2024-02-05T07:30:00,8.14,Good
North Stoke,2024-02-05T11:14:00,6.118,Good
Caldecote Farm,2024-02-05T12:02:00,7.655,Good
Cockley Cley Copse,2024-02-05T12:43:00,22.075,Good
Crudwell,2024-02-07T09:56:00,91.81,Good
Pickworth,2024-02-07T10:36:00,30.31,Good
Trowley Bottom Farm,2024-02-07T10:51:00,108.45,Good
Hyde Cottages Risby,2024-02-08T09:40:00,30.03,Good
Spoondell,2024-02-08T11:53:00,133.12,Good
North Plantation,2024-02-09T10:13:00,66.14,Good
Blowing Stone Cottage,2024-02-09T11:34:00,119.51,Good
Sutton Top Field Spinney,2024-02-09T16:17:00,18.32,Good
Sutton Heath Road,2024-02-09T16:18:00,19.45,Good
Amotherby,2024-02-14T10:31:00,35.56,Good
Wrelton Paddock,2024-02-15T09:57:00,35.09,Good
Rowton,2024-02-16T09:06:00,59.0,Unchecked
Itteringham 2,2024-02-16T09:33:00,30.71,Good
Wood Mill Farm,2024-02-16T10:11:00,65.0,Unchecked
Old Hall,2024-02-16T11:38:00,39.93,Good
Kemps Drift,2024-02-20T11:17:00,11.53,Good
Winchester Guildhall,2024-02-20T12:13:00,33.77,Good
Shortheath Pond,2024-02-20T12:47:00,74.301,Good
Upavon Deep,2024-02-21T12:33:00,91.47,Good
Upavaon Shallow,2024-02-21T12:34:00,91.77,Good
Lydeards Hill,2024-02-22T10:12:00,326.71,Good
West Cowick,2024-02-22T10:18:00,6.121,Good
Sherburn Quarry 3,2024-02-22T12:24:00,17.928,Good
Frome,2024-02-23T08:14:00,58.37,Good
Ingleby,2024-02-23T08:39:00,45.85,Good
Slough Farm,2024-02-23T10:39:00,3.17,Good
Hornsea,2024-02-23T11:40:00,18.95,Good
Hungerdowns Farm,2024-02-23T12:00:00,34.42,Good
Sherburn Quarry 3,2024-02-23T12:24:00,17.928,Good
Black Hall Farm,2024-02-26T07:27:00,106.33,Good
Mayhouse Farm,2024-02-26T09:06:00,37.47,Unchecked
Whitworth Hall,2024-02-26T12:10:00,55.96,Good
Woore,2024-02-27T10:32:00,136.305,Good
Pipe Green,2024-02-28T08:26:00,81.66,Good
Pipstile Farm Uphampton,2024-02-28T08:44:00,64.41,Unchecked
Myddlewood,2024-02-28T10:05:00,61.16,Good
Jevington,2024-02-29T11:00:00,64.18,Good
Grange Farm West Wratting,2024-03-01T09:55:00,67.37,Good
Main Road Croxton,2024-03-01T10:53:00,16.29,Good
Mill Road,2024-03-01T11:25:00,18.97,Good
Hyde Cottages Risby,2024-03-04T10:19:00,30.69,Good
Thames Head,2024-03-04T10:39:00,101.68,Good
Lynstead,2024-03-04T13:45:00,19.463,Good
Rats Pen Lane Chalk,2024-03-05T07:06:00,8.24,Good
East Leake,2024-03-05T12:21:00,28.88,Good
Spoondell,2024-03-06T08:23:00,136.87,Good
Tollgate,2024-03-06T10:28:00,11.6,Good
Trowley Bottom Farm,2024-03-06T10:28:00,109.83,Good
Plucks Gutter,2024-03-07T09:35:00,1.72,Good
Willow Tree Farm,2024-03-07T11:35:00,72.005,Good
North Stoke,2024-03-07T11:35:00,14.698,Good
Bow Wow,2024-03-07T13:25:00,88.541,Good
Ponyfield,2024-03-08T08:46:00,-2.24,Good
Pickworth,2024-03-08T10:23:00,33.84,Good
Isleham Fen,2024-03-11T07:59:00,-3.13,Good
Aughton Cliffs Farm,2024-03-11T08:15:00,17.01,Good
Walcot,2024-03-12T09:27:00,18.78,Good
Blowing Stone Cottage,2024-03-12T12:07:00,120.33,Good
North Plantation,2024-03-14T12:54:00,65.88,Good
Sutton Top Field Spinney,2024-03-15T12:41:00,17.26,Good
Sutton Heath Road,2024-03-15T12:41:00,18.85,Good
Upavaon Shallow,2024-03-18T10:13:00,91.09,Good
Upavon Deep,2024-03-18T10:16:00,91.47,Good
Frome,2024-03-18T10:47:00,56.82,Good
Amotherby,2024-03-19T10:42:00,20.2,Good
Hungerdowns Farm,2024-03-19T11:27:00,34.71,Good
Slough Farm,2024-03-19T11:51:00,3.22,Good
Wrelton Paddock,2024-03-19T12:01:00,33.38,Good
Itteringham 2,2024-03-20T10:09:00,30.83,Good
Old Hall,2024-03-21T09:22:00,40.03,Good
Pipe Green,2024-03-21T11:15:00,81.84,Good
Ingleby,2024-03-21T11:31:00,45.64,Good
Hornsea,2024-03-21T12:13:00,17.56,Good
Cundall Sandstone,2024-03-21T14:35:00,16.875,Good
Lydeards Hill,2024-03-22T08:00:00,325.86,Good
Black Hall Farm,2024-03-22T08:10:00,106.69,Good
West Cowick,2024-03-22T10:21:00,5.841,Good
Kemps Drift,2024-03-22T11:20:00,11.545,Good
Whitworth Hall,2024-03-22T11:47:00,56.08,Good
Sherburn Quarry 3,2024-03-22T12:30:00,17.368,Good
Winchester Guildhall,2024-03-22T13:46:00,33.45,Good
Myddlewood,2024-03-27T10:10:00,61.61,Good
Crudwell,2024-03-28T12:51:00,93.01,Good
Walcot,2024-04-02T08:19:00,17.76,Good
Trowley Bottom Farm,2024-04-02T10:47:00,110.18,Good
Wested Farm,2024-04-03T08:55:00,44.65,Good
Plucks Gutter,2024-04-03T09:37:00,1.61,Good
Grange Farm West Wratting,2024-04-03T09:41:00,67.56,Good
Tollgate,2024-04-03T09:50:00,12.13,Good
Old Mill Farm T,2024-04-03T14:07:00,13.26,Good
Old Mill Farm B,2024-04-03T14:10:00,13.257,Good
Lynstead,2024-04-04T06:01:00,16.913,Good
Croxton Heath,2024-04-04T08:54:00,32.44,Good
Main Road Croxton,2024-04-04T09:20:00,16.71,Good
Mill Road,2024-04-04T13:24:00,19.03,Good
Spoondell,2024-04-04T13:43:00,135.1,Good
Rats Pen Lane Chalk,2024-04-05T10:11:00,8.2,Good
Hyde Cottages Risby,2024-04-05T12:43:00,31.19,Good
East Leake,2024-04-08T07:51:00,28.8,Good
Pickworth,2024-04-10T08:44:00,30.34,Good
Ponyfield,2024-04-10T09:07:00,-2.95,Good
Chalton,2024-04-11T09:00:00,54.76,Good
Warnford Estate,2024-04-11T10:12:00,67.91,Good
Sproxton,2024-04-11T12:10:00,48.91,Good
Blackmore Farm,2024-04-15T08:20:00,117.7,Good
North Stoke,2024-04-15T11:12:00,7.948,Good
North Plantation,2024-04-15T13:31:00,65.9,Good
Sutton Heath Road,2024-04-15T15:43:00,18.76,Good
Sutton Top Field Spinney,2024-04-15T15:44:00,17.51,Good
Caldecote Farm,2024-04-16T09:02:00,7.565,Good
Cockley Cley Copse,2024-04-16T09:22:00,22.03,Good
Wrelton Paddock,2024-04-16T10:01:00,32.87,Good
Wood Mill Farm,2024-04-16T11:28:00,60.5,Unchecked
Wood Mill Farm,2024-04-16T11:39:00,63.9,Unchecked
Whitworth Hall,2024-04-16T12:54:00,56.1,Good
Old Hall,2024-04-17T10:42:00,39.5,Good
Itteringham 2,2024-04-17T11:36:00,31.05,Good
Lydeards Hill,2024-04-18T08:10:00,326.39,Good
Thames Head,2024-04-18T10:15:00,101.06,Good
Frome,2024-04-19T10:42:00,55.93,Good
Upavon Deep,2024-04-19T10:58:00,91.47,Good
Upavaon Shallow,2024-04-19T10:59:00,90.92,Good
Hungerdowns Farm,2024-04-19T12:44:00,34.35,Good
Slough Farm,2024-04-19T13:18:00,3.37,Good
Pipe Green,2024-04-22T07:11:00,81.86,Good
West Cowick,2024-04-22T08:19:00,5.671,Good
Black Hall Farm,2024-04-22T10:22:00,106.36,Good
Hornsea,2024-04-22T12:12:00,16.86,Good
Sherburn Quarry 3,2024-04-23T10:44:00,17.418,Good
Ingleby,2024-04-24T07:02:00,45.87,Good
Mayhouse Farm,2024-04-24T07:22:00,36.5,Unchecked
Pipstile Farm Uphampton,2024-04-24T08:49:00,63.95,Unchecked
Amotherby,2024-04-24T10:26:00,19.17,Good
Woore,2024-04-25T08:58:00,136.375,Good
Myddlewood,2024-04-25T09:10:00,61.41,Good
Blowing Stone Cottage,2024-04-26T06:41:00,118.25,Good
Winchester Guildhall,2024-04-29T10:34:00,33.65,Good
Kemps Drift,2024-04-30T09:15:00,11.55,Good
Rats Pen Lane Chalk,2024-05-01T04:44:00,8.12,Good
Pickworth,2024-05-01T10:39:00,29.15,Good
North Stoke,2024-05-01T12:14:00,6.198,Good
Wested Farm,2024-05-02T08:29:00,44.66,Good
Walcot,2024-05-02T10:41:00,16.54,Good
Royalty Farm,2024-05-02T10:53:00,45.73,Good
Mill Road,2024-05-02T12:41:00,18.95,Good
Lynstead,2024-05-03T06:16:00,20.143,Good
Old Mill Farm T,2024-05-03T08:16:00,12.82,Good
Old Mill Farm B,2024-05-03T08:18:00,13.107,Good
Tollgate,2024-05-03T09:25:00,11.76,Good
Sutton Top Field Spinney,2024-05-03T11:38:00,17.69,Good
Sutton Heath Road,2024-05-03T11:41:00,19.09,Good
Hyde Cottages Risby,2024-05-03T13:30:00,30.95,Good
East Leake,2024-05-07T08:28:00,28.71,Good
Grange Farm West Wratting,2024-05-07T09:14:00,67.22,Good
Main Road Croxton,2024-05-07T11:03:00,15.54,Good
Thames Head,2024-05-08T09:46:00,100.33,Good
Blowing Stone Cottage,2024-05-13T07:30:00,116.52,Good
Spoondell,2024-05-15T08:53:00,133.89,Good
Itteringham 2,2024-05-15T10:07:00,31.21,Good
Amotherby,2024-05-16T10:03:00,18.6,Good
Wrelton Paddock,2024-05-16T12:43:00,32.15,Good
Bowbridge,2024-05-16T13:09:00,83.14,Good
Ponyfield,2024-05-17T07:25:00,-2.35,Good
Trowley Bottom Farm,2024-05-17T07:40:00,109.93,Good
Old Hall,2024-05-17T09:19:00,39.1,Good
West Cowick,2024-05-20T08:36:00,5.431,Good
Upavon Deep,2024-05-20T10:06:00,91.09,Good
Upavaon Shallow,2024-05-20T10:06:00,90.56,Good
Plucks Gutter,2024-05-21T07:34:00,1.38,Good
Frome,2024-05-21T08:48:00,55.13,Good
Lydeards Hill,2024-05-21T09:23:00,324.28,Good
Hornsea,2024-05-22T11:55:00,16.42,Good
Black Hall Farm,2024-05-23T09:11:00,106.12,Unchecked
Black Hall Farm,2024-05-23T10:11:00,106.12,Good
Ingleby,2024-05-23T10:37:00,45.89,Good
Pipe Green,2024-05-24T09:20:00,81.73,Unchecked
Sherburn Quarry 3,2024-05-24T09:51:00,17.233,Good
Pipe Green,2024-05-24T10:20:00,81.73,Good
Slough Farm,2024-05-24T11:55:00,3.39,Good
Hungerdowns Farm,2024-05-24T12:17:00,34.32,Good
Royalty Farm,2024-05-28T08:53:00,45.56,Good
Myddlewood,2024-05-29T09:15:00,61.44,Unchecked
Myddlewood,2024-05-29T10:15:00,61.44,Unchecked
Whitworth Hall,2024-05-29T11:23:00,55.96,Good
Mayhouse Farm,2024-05-30T09:11:00,36.21,Unchecked
Mayhouse Farm,2024-05-30T10:11:00,36.21,Good
Kemps Drift,2024-05-31T09:21:00,11.53,Good
Pipstile Farm Uphampton,2024-05-31T12:00:00,64.4,Unchecked
Pipstile Farm Uphampton,2024-05-31T13:00:00,64.4,Good
Winchester Guildhall,2024-05-31T13:08:00,33.56,Good
Old Mill Farm T,2024-06-03T09:07:00,13.03,Good
Old Mill Farm B,2024-06-03T09:09:00,13.007,Good
Wested Farm,2024-06-03T10:07:00,44.1,Good
Grange Farm West Wratting,2024-06-03T11:42:00,67.08,Good
North Plantation,2024-06-03T12:38:00,65.75,Good
Jackaments Bottom,2024-06-04T14:00:00,100.136,Good
Rats Pen Lane Chalk,2024-06-05T05:55:00,7.99,Good
Spoondell,2024-06-05T10:23:00,133.87,Good
Aughton Cliffs Farm,2024-06-05T10:39:00,17.96,Good
Aughton Cliffs Farm,2024-06-05T11:39:00,17.96,Good
Hursley,2024-06-05T13:00:00,42.43,Good
Tollgate,2024-06-06T12:07:00,12.06,Good
Trowley Bottom Farm,2024-06-06T12:58:00,109.83,Good
Lynstead,2024-06-07T11:48:00,20.273,Good
Ponyfield,2024-06-10T07:21:00,-2.36,Good
Sutton Top Field Spinney,2024-06-10T09:34:00,18.91,Good
Sutton Heath Road,2024-06-10T09:34:00,20.73,Good
Main Road Croxton,2024-06-10T13:12:00,14.65,Good
Plucks Gutter,2024-06-11T09:12:00,1.28,Good
Isleham Fen,2024-06-11T11:21:00,-3.17,Good
Pickworth,2024-06-12T09:18:00,27.54,Good
Walcot,2024-06-13T11:26:00,16.03,Good
Croxton Heath,2024-06-13T11:57:00,31.45,Good
Mill Road,2024-06-13T12:40:00,18.86,Good
North Stoke,2024-06-13T14:17:00,4.638,Good
Hungerdowns Farm,2024-06-18T10:05:00,34.13,Good
Slough Farm,2024-06-18T10:32:00,3.45,Good
Amotherby,2024-06-19T09:25:00,17.62,Good
Itteringham 2,2024-06-19T11:26:00,31.27,Good
West Cowick,2024-06-20T09:29:00,5.011,Good
Wrelton Paddock,2024-06-20T10:00:00,30.65,Good
Hornsea,2024-06-20T11:40:00,15.99,Good
Ingleby,2024-06-21T08:53:00,45.9,Good
Winchester Guildhall,2024-06-21T12:23:00,33.4,Good
Pipe Green,2024-06-24T06:02:00,81.76,Unchecked
Blowing Stone Cottage,2024-06-24T07:54:00,114.23,Good
Woore,2024-06-24T09:42:00,136.505,Good
Old Hall,2024-06-24T09:46:00,39.42,Good
Lydeards Hill,2024-06-24T10:06:00,321.92,Good
Sherburn Quarry 3,2024-06-24T10:32:00,17.158,Good
Berwick Bassett,2024-06-24T11:23:00,159.519,Good
Frome,2024-06-24T11:58:00,55.29,Good
Beenham,2024-06-25T11:27:00,52.865,Good
Thames Head,2024-06-26T09:11:00,99.45,Good
East Leake,2024-06-26T11:45:00,28.71,Good
Cundall Sandstone,2024-06-26T12:45:00,16.655,Good
Upavon Deep,2024-06-26T14:06:00,90.67,Good
Upavaon Shallow,2024-06-26T14:08:00,90.34,Good
Myddlewood,2024-06-27T09:35:00,61.51,Unchecked
Myddlewood,2024-06-27T10:35:00,61.51,Unchecked
Kemps Drift,2024-06-27T11:00:00,11.53,Good
Wood Mill Farm,2024-06-27T12:05:00,60.24,Unchecked
Wood Mill Farm,2024-06-27T12:15:00,63.45,Unchecked
Whitworth Hall,2024-06-28T09:36:00,55.68,Good
Ponyfield,2024-07-01T08:33:00,-2.12,Good
Grange Farm West Wratting,2024-07-01T09:11:00,66.72,Good
Lynstead,2024-07-02T08:38:00,20.153,Good
Mill Road,2024-07-02T11:48:00,18.76,Good
Plucks Gutter,2024-07-03T08:53:00,0.35,Good
Tollgate,2024-07-03T09:57:00,11.63,Good
Old Mill Farm T,2024-07-03T10:33:00,12.92,Good
Old Mill Farm B,2024-07-03T10:35:00,12.847,Good
Royalty Farm,2024-07-03T11:04:00,45.19,Good
Wested Farm,2024-07-03T12:28:00,43.41,Good
Sutton Heath Road,2024-07-04T10:11:00,18.99,Good
Sutton Top Field Spinney,2024-07-04T10:12:00,17.59,Good
North Stoke,2024-07-04T12:46:00,3.928,Good
Main Road Croxton,2024-07-05T12:03:00,14.13,Good
Sproxton,2024-07-08T09:11:00,44.522,Good
Rats Pen Lane Chalk,2024-07-09T06:42:00,7.84,Good
Trowley Bottom Farm,2024-07-09T09:21:00,109.46,Good
Pickworth,2024-07-09T09:33:00,24.86,Good
East Leake,2024-07-12T08:36:00,28.64,Good
Spoondell,2024-07-12T09:07:00,131.93,Good
North Plantation,2024-07-12T11:17:00,65.8,Good
Hyde Cottages Risby,2024-07-12T12:46:00,29.6,Good
Thames Head,2024-07-16T07:18:00,99.29,Good
Whitworth Hall,2024-07-16T09:53:00,55.58,Good
Walcot,2024-07-17T08:40:00,15.16,Good
Itteringham 2,2024-07-17T11:11:00,31.32,Good
Blowing Stone Cottage,2024-07-18T09:04:00,112.5,Good
Slough Farm,2024-07-18T11:39:00,3.46,Good
Hungerdowns Farm,2024-07-18T11:56:00,33.92,Good
Caldecote Farm,2024-07-18T12:22:00,7.37,Good
Cockley Cley Copse,2024-07-18T12:39:00,21.445,Good
Lydeards Hill,2024-07-18T13:58:00,320.56,Good
Pipe Green,2024-07-19T08:15:00,81.11,Unchecked
Ingleby,2024-07-19T08:47:00,45.9,Good
Amotherby,2024-07-19T12:16:00,17.12,Good
Black Hall Farm,2024-07-22T06:33:00,105.88,Good
West Cowick,2024-07-22T08:42:00,4.731,Good
Marlston Farm,2024-07-22T11:15:00,70.362,Good
Hornsea,2024-07-23T11:24:00,16.46,Good
Winchester Guildhall,2024-07-24T07:52:00,35.7,Good
Old Hall,2024-07-25T10:50:00,39.22,Good
Sherburn Quarry 3,2024-07-25T13:04:00,17.068,Good
Challenge Farm,2024-07-26T16:00:00,70.58,Good
Upavaon Shallow,2024-07-29T10:19:00,90.22,Good
Upavon Deep,2024-07-29T10:22:00,90.44,Good
Wrelton Paddock,2024-07-29T10:25:00,30.35,Good
Myddlewood,2024-07-29T10:30:00,61.4,Unchecked
Frome,2024-07-29T12:13:00,54.88,Good
Kemps Drift,2024-07-30T11:45:00,11.5,Good
Wested Farm,2024-08-02T09:21:00,42.88,Good
Grange Farm West Wratting,2024-08-02T10:01:00,66.41,Unchecked
Old Mill Farm T,2024-08-02T10:27:00,12.86,Good
Old Mill Farm B,2024-08-02T10:30:00,12.787,Good
Mill Road,2024-08-02T12:37:00,18.65,Unchecked
Ponyfield,2024-08-05T09:09:00,-2.15,Good
Spoondell,2024-08-05T09:18:00,131.09,Good
Lynstead,2024-08-06T07:02:00,19.813,Good
Walcot,2024-08-06T07:34:00,14.5,Good
East Leake,2024-08-06T08:28:00,28.68,Good
Trowley Bottom Farm,2024-08-07T09:46:00,109.07,Good
Thames Head,2024-08-08T09:41:00,98.8,Good
Bow Wow,2024-08-08T13:21:00,87.83,Good
Croxton Heath,2024-08-09T10:48:00,30.43,Unchecked
Main Road Croxton,2024-08-09T11:03:00,13.4,Unchecked
Rats Pen Lane Chalk,2024-08-12T11:42:00,7.72,Good
Tollgate,2024-08-12T12:39:00,11.16,Good
Hyde Cottages Risby,2024-08-12T13:10:00,28.56,Unchecked
Pickworth,2024-08-14T08:50:00,24.0,Good
Itteringham 2,2024-08-15T07:36:00,31.37,Good
Old Hall,2024-08-15T08:57:00,38.26,Good
Blowing Stone Cottage,2024-08-16T07:53:00,111.34,Good
Wood Mill Farm,2024-08-16T08:48:00,64.6,Unchecked
Wood Mill Farm,2024-08-16T09:05:00,59.4,Unchecked
Wrelton Paddock,2024-08-16T10:25:00,30.45,Good
Amotherby,2024-08-16T11:10:00,8.17,Good
Upavon Deep,2024-08-19T10:16:00,90.32,Good
Upavaon Shallow,2024-08-19T10:17:00,90.15,Good
Crudwell,2024-08-20T06:30:00,83.54,Good
Frome,2024-08-20T08:34:00,54.57,Good
Winchester Guildhall,2024-08-21T09:39:00,33.27,Good
Sherburn Quarry 3,2024-08-21T10:27:00,16.978,Good
Whitworth Hall,2024-08-21T11:58:00,55.32,Good
Jackaments Bottom,2024-08-22T10:00:00,97.631,Good
North Plantation,2024-08-22T13:43:00,65.93,Unchecked
Pipe Green,2024-08-23T05:58:00,81.4,Unchecked
West Cowick,2024-08-23T07:04:00,3.761,Good
Hungerdowns Farm,2024-08-23T09:15:00,33.66,Good
Kemps Drift,2024-08-23T09:20:00,11.52,Good
Ingleby,2024-08-23T09:25:00,45.91,Good
Myddlewood,2024-08-27T09:35:00,61.49,Unchecked
Myddlewood,2024-08-27T10:35:00,61.49,Unchecked
Slough Farm,2024-08-28T09:11:00,-1.62,Good
Black Hall Farm,2024-08-28T10:39:00,105.86,Unchecked
Hornsea,2024-08-28T11:27:00,15.4,Good
Mayhouse Farm,2024-08-29T11:36:00,34.35,Unchecked
Lydeards Hill,2024-08-29T11:49:00,319.71,Good
Grange Farm West Wratting,2024-09-02T09:00:00,65.89,Good
Old Mill Farm B,2024-09-03T07:19:00,12.657,Good
Old Mill Farm T,2024-09-03T07:21:00,12.76,Good
Tollgate,2024-09-03T08:09:00,10.79,Good
North Stoke,2024-09-03T08:09:00,3.008,Good
Trowley Bottom Farm,2024-09-03T12:00:00,108.72,Good
Hyde Cottages Risby,2024-09-03T12:16:00,28.49,Good
Main Road Croxton,2024-09-03T14:26:00,12.99,Good
Walcot,2024-09-04T08:15:00,14.13,Good
Ponyfield,2024-09-04T08:35:00,-2.08,Good
Fox Hall,2024-09-04T09:54:00,77.01,Unchecked
Fox Hall,2024-09-04T10:54:00,77.01,Unchecked
East Leake,2024-09-04T11:02:00,28.44,Good
Crudwell,2024-09-04T11:25:00,82.48,Good
Rats Pen Lane Chalk,2024-09-05T05:13:00,7.67,Good
Wested Farm,2024-09-06T07:30:00,42.93,Good
Mill Road,2024-09-06T12:47:00,18.49,Good
Plucks Gutter,2024-09-09T08:13:00,1.12,Good
Lynstead,2024-09-09T08:42:00,19.453,Good
Aughton Cliffs Farm,2024-09-09T09:42:00,17.7,Good
Croxton Heath,2024-09-09T09:46:00,29.37,Good
Spoondell,2024-09-09T09:54:00,129.44,Good
Thames Head,2024-09-12T13:55:00,98.56,Good
Pickworth,2024-09-13T08:59:00,23.46,Good
Hornsea,2024-09-17T11:43:00,14.97,Good
North Plantation,2024-09-17T13:47:00,65.68,Good
Upavon Deep,2024-09-18T10:28:00,90.29,Good
Upavaon Shallow,2024-09-18T10:30:00,90.12,Good
Frome,2024-09-18T12:22:00,54.8,Good
Hursley,2024-09-19T09:00:00,34.175,Good
Pipe Green,2024-09-20T06:19:00,81.52,Unchecked
Pipe Green,2024-09-20T07:19:00,81.52,Unchecked
Ingleby,2024-09-20T08:52:00,45.93,Good
Cundall Sandstone,2024-09-20T12:10:00,16.37,Good
Slough Farm,2024-09-23T09:24:00,-0.83,Good
Winchester Guildhall,2024-09-23T09:37:00,35.7,Good
Hungerdowns Farm,2024-09-23T09:51:00,33.46,Good
Kemps Drift,2024-09-23T10:30:00,11.67,Good
Myddlewood,2024-09-24T09:15:00,61.68,Unchecked
Myddlewood,2024-09-24T10:15:00,61.68,Unchecked
Sherburn Quarry 3,2024-09-24T10:19:00,16.948,Good
Itteringham 2,2024-09-24T10:24:00,30.32,Good
Wrelton Paddock,2024-09-25T07:23:00,30.05,Good
West Cowick,2024-09-25T07:54:00,3.311,Good
Amotherby,2024-09-25T08:36:00,-36.83,Good
Royalty Farm,2024-09-25T11:40:00,44.44,Good
Blowing Stone Cottage,2024-09-25T11:41:00,111.21,Good
Blackmore Farm,2024-09-26T09:16:00,97.8,Good
Blackmore Farm,2024-09-26T10:16:00,97.8,Good
Warnford Estate,2024-09-26T13:55:00,67.71,Good
Warnford Estate,2024-09-26T14:55:00,67.71,Good
Lydeards Hill,2024-09-26T17:39:00,321.65,Good
Old Hall,2024-09-27T09:14:00,38.49,Good
Whitworth Hall,2024-09-30T08:30:00,55.1,Good
Rats Pen Lane Chalk,2024-10-02T05:25:00,7.75,Good
Ponyfield,2024-10-02T07:45:00,-2.1,Good
Crudwell,2024-10-02T09:27:00,88.26,Good
Brislands Lane,2024-10-02T13:05:00,85.63,Good
Brislands Lane,2024-10-02T14:05:00,85.63,Good
Plucks Gutter,2024-10-04T08:16:00,0.92,Good
Shortheath Pond,2024-10-04T09:41:00,74.341,Good
Sutton Top Field Spinney,2024-10-04T10:22:00,17.71,Good
Sutton Heath Road,2024-10-04T10:22:00,17.76,Good
Grange Farm West Wratting,2024-10-04T10:26:00,65.7,Good
Hyde Cottages Risby,2024-10-04T13:20:00,27.32,Good
Wested Farm,2024-10-08T12:57:00,43.35,Good
Tollgate,2024-10-09T08:57:00,10.84,Good
North Plantation,2024-10-09T12:55:00,66.11,Good
Thames Head,2024-10-10T07:39:00,101.49,Good
Caldecote Farm,2024-10-10T09:47:00,7.24,Good
Cockley Cley Copse,2024-10-10T10:48:00,20.785,Good
Walcot,2024-10-11T07:35:00,16.5,Good
East Leake,2024-10-11T08:12:00,28.54,Good
Trowley Bottom Farm,2024-10-11T10:12:00,109.48,Good
Lynstead,2024-10-11T12:12:00,18.993,Good
Shawbury Park A,2024-10-14T09:15:00,59.86,Unchecked
Shawbury Park A,2024-10-14T10:15:00,59.86,Unchecked
Mill Road,2024-10-14T10:59:00,18.35,Good
Bowbridge,2024-10-14T13:04:00,83.05,Good
Slough Farm,2024-10-15T08:38:00,3.47,Good
Hungerdowns Farm,2024-10-15T08:55:00,33.37,Good
Whitworth Hall,2024-10-15T12:04:00,54.97,Good
Main Road Croxton,2024-10-15T12:36:00,12.54,Good
Willow Tree Farm,2024-10-15T14:57:00,72.1,Good
Old Mill Farm T,2024-10-16T08:18:00,13.0,Good
Old Mill Farm B,2024-10-16T08:19:00,12.957,Good
Sproxton,2024-10-16T09:21:00,44.382,Good
Blowing Stone Cottage,2024-10-16T11:06:00,115.15,Good
Upavaon Shallow,2024-10-16T12:38:00,90.94,Good
Upavon Deep,2024-10-16T12:39:00,91.47,Good
Wrelton Paddock,2024-10-17T10:58:00,29.55,Good
Willow Tree Farm,2024-10-17T11:19:00,72.125,Good
Croxton Heath,2024-10-17T11:30:00,28.59,Good
Ingleby,2024-10-18T07:40:00,45.91,Good
Pipe Green,2024-10-18T10:08:00,81.17,Unchecked
Willow Tree Farm,2024-10-18T10:30:00,72.128,Good
Itteringham 2,2024-10-18T11:20:00,31.24,Good
Hornsea,2024-10-18T12:21:00,16.78,Good
West Cowick,2024-10-21T08:20:00,4.791,Good
Amotherby,2024-10-21T12:24:00,17.04,Good
Jackaments Bottom,2024-10-21T16:23:00,103.947,Good
Black Hall Farm,2024-10-22T10:48:00,105.31,Unchecked
Winchester Guildhall,2024-10-23T07:59:00,33.56,Good
Spoondell,2024-10-24T06:51:00,133.89,Good
Pickworth,2024-10-24T09:55:00,27.14,Good
Old Hall,2024-10-24T10:18:00,39.03,Good
Frome,2024-10-25T08:38:00,56.49,Good
Sherburn Quarry 3,2024-10-25T11:18:00,17.133,Good
Lydeards Hill,2024-10-25T12:25:00,324.31,Good
North Stoke,2024-10-27T12:29:00,3.068,Good
Myddlewood,2024-10-28T09:50:00,61.53,Unchecked
Mayhouse Farm,2024-10-28T13:25:00,35.82,Unchecked
Kemps Drift,2024-10-30T10:30:00,11.49,Good
Wood Mill Farm,2024-10-30T12:19:00,60.3,Unchecked
Wood Mill Farm,2024-10-30T12:24:00,64.4,Unchecked
Water Acre,2024-10-31T13:50:00,137.733,Good
Wested Farm,2024-11-01T09:19:00,43.34,Good
Pickworth,2024-11-01T12:58:00,26.55,Good
Grange Farm West Wratting,2024-11-01T14:18:00,65.75,Good
Crudwell,2024-11-01T15:02:00,92.41,Good
Spoondell,2024-11-04T10:09:00,133.72,Good
Hyde Cottages Risby,2024-11-04T11:26:00,28.27,Good
Thames Head,2024-11-04T12:07:00,100.99,Good
Trowley Bottom Farm,2024-11-04T13:22:00,109.31,Good
North Plantation,2024-11-04T15:02:00,65.74,Good
Lynstead,2024-11-05T07:48:00,19.123,Good
Old Mill Farm B,2024-11-05T10:41:00,12.757,Good
Old Mill Farm T,2024-11-05T10:41:00,12.86,Good
Plucks Gutter,2024-11-05T14:06:00,0.96,Good
Ponyfield,2024-11-06T10:32:00,-1.67,Good
Tollgate,2024-11-06T11:12:00,10.72,Good
East Leake,2024-11-07T10:50:00,28.31,Good
Main Road Croxton,2024-11-07T11:11:00,12.72,Good
Rats Pen Lane Chalk,2024-11-08T06:21:00,7.71,Good
Walcot,2024-11-08T08:58:00,15.71,Good
Mill Road,2024-11-11T11:29:00,18.3,Good
Sutton Heath Road,2024-11-11T13:03:00,19.3,Good
Sutton Top Field Spinney,2024-11-11T13:04:00,16.45,Good
Croxton Heath,2024-11-12T09:52:00,28.39,Good
North Stoke,2024-11-12T13:37:00,5.368,Good
Bow Wow,2024-11-13T10:27:00,88.376,Good
Royalty Farm,2024-11-13T12:20:00,44.39,Good
Wrelton Paddock,2024-11-14T10:40:00,29.43,Good
Blowing Stone Cottage,2024-11-14T10:48:00,115.32,Good
Amotherby,2024-11-15T11:05:00,16.77,Good
Frome,2024-11-18T11:29:00,55.64,Good
Old Hall,2024-11-19T11:31:00,38.79,Good
Itteringham 2,2024-11-19T12:39:00,31.23,Good
Lydeards Hill,2024-11-20T09:10:00,324.11,Good
Upavon Deep,2024-11-20T11:16:00,91.27,Good
Upavaon Shallow,2024-11-20T11:18:00,90.74,Good
Winchester Guildhall,2024-11-20T13:03:00,33.46,Good
Hornsea,2024-11-21T10:57:00,16.12,Good
West Cowick,2024-11-22T09:36:00,4.211,Good
Whitworth Hall,2024-11-22T10:37:00,54.87,Good
Kemps Drift,2024-11-22T11:37:00,11.5,Good
Black Hall Farm,2024-11-25T10:20:00,105.88,Unchecked
Pipstile Farm Uphampton,2024-11-25T14:48:00,62.67,Unchecked
Ingleby,2024-11-26T09:41:00,45.92,Good
Mayhouse Farm,2024-11-26T12:57:00,37.12,Unchecked
Myddlewood,2024-11-27T10:00:00,61.64,Good
Sherburn Quarry 3,2024-11-27T11:25:00,17.128,Good
Hungerdowns Farm,2024-11-28T11:27:00,33.12,Good
Pipe Green,2024-11-29T12:30:00,80.53,Unchecked
Slough Farm,2024-11-29T14:25:00,3.54,Good
Ponyfield,2024-12-02T09:10:00,-1.61,Good
Spoondell,2024-12-02T11:02:00,132.91,Good
Hyde Cottages Risby,2024-12-02T11:18:00,28.12,Good
Sutton Top Field Spinney,2024-12-02T11:50:00,17.7,Good
Sutton Heath Road,2024-12-02T11:50:00,19.74,Good
Grange Farm West Wratting,2024-12-03T11:32:00,65.78,Good
Trowley Bottom Farm,2024-12-03T12:10:00,109.26,Good
Rats Pen Lane Chalk,2024-12-03T12:23:00,7.79,Good
Wested Farm,2024-12-03T14:33:00,43.41,Good
Mill Road,2024-12-04T08:21:00,18.3,Good
Old Mill Farm B,2024-12-04T09:07:00,12.977,Good
Old Mill Farm T,2024-12-04T09:09:00,13.04,Good
Tollgate,2024-12-04T10:17:00,10.63,Good
Plucks Gutter,2024-12-04T10:39:00,1.03,Good
North Stoke,2024-12-04T15:37:00,7.308,Good
Main Road Croxton,2024-12-06T10:52:00,12.53,Good
East Leake,2024-12-10T10:53:00,29.21,Good
Pickworth,2024-12-10T11:19:00,30.74,Good
Water Acre,2024-12-10T11:56:00,141.893,Good
Croxton Heath,2024-12-10T12:30:00,28.28,Good
Walcot,2024-12-10T13:57:00,16.71,Good
Isleham Fen,2024-12-10T14:48:00,-3.4,Good
Lynstead,2024-12-11T09:51:00,18.953,Good
Lydeards Hill,2024-12-16T09:16:00,326.24,Good
Wood Mill Farm,2024-12-16T09:23:00,63.6,Unchecked
Wood Mill Farm,2024-12-16T09:25:00,59.9,Unchecked
Frome,2024-12-16T11:19:00,56.48,Good
Amotherby,2024-12-16T11:38:00,22.12,Good
Ingleby,2024-12-16T12:07:00,45.93,Good
Upavaon Shallow,2024-12-16T12:13:00,90.92,Good
Slough Farm,2024-12-17T09:15:00,3.15,Good
Hungerdowns Farm,2024-12-17T09:36:00,33.02,Good
Beenham,2024-12-17T09:36:00,52.855,Good
Pipstile Farm Uphampton,2024-12-17T09:46:00,62.85,Unchecked
Hornsea,2024-12-17T11:09:00,17.6,Good
Wrelton Paddock,2024-12-17T11:29:00,32.05,Good
Cundall Sandstone,2024-12-17T12:58:00,16.725,Good
Rowton,2024-12-17T13:00:00,60.94,Unchecked
Itteringham 2,2024-12-17T14:03:00,31.16,Good
Aughton Cliffs Farm,2024-12-18T09:20:00,17.86,Good
Winchester Guildhall,2024-12-18T10:18:00,33.63,Good
Kemps Drift,2024-12-18T11:45:00,11.55,Good
Rowton,2024-12-18T12:24:00,60.94,Unchecked
Crudwell,2024-12-19T09:25:00,92.76,Good
Thames Head,2024-12-19T09:59:00,101.5,Good
Whitworth Hall,2024-12-19T10:45:00,54.85,Good
Hursley,2024-12-19T13:00:00,41.82,Good
Mayhouse Farm,2024-12-19T13:52:00,36.98,Unchecked
West Cowick,2024-12-20T09:55:00,5.486,Good
Sherburn Quarry 3,2024-12-20T12:26:00,17.458,Good
Old Hall,2024-12-20T12:42:00,39.39,Good
Myddlewood,2024-12-23T09:40:00,61.59,Unchecked
Blowing Stone Cottage,2024-12-23T10:41:00,118.95,Good
Royalty Farm,2024-12-23T13:40:00,44.6,Good
Jackaments Bottom,2024-12-30T12:30:00,102.646,Good
Thames Head,2025-01-02T09:17:00,100.92,Good
Grange Farm West Wratting,2025-01-02T09:59:00,66.29,Good
Old Mill Farm B,2025-01-02T11:21:00,12.847,Good
Old Mill Farm T,2025-01-02T11:39:00,12.93,Good
Mill Road,2025-01-02T11:48:00,18.44,Suspect
North Plantation,2025-01-02T11:50:00,59.85,Good
Chalton,2025-01-02T12:00:00,44.81,Good
Wested Farm,2025-01-02T12:51:00,43.38,Good
Jevington,2025-01-02T13:30:00,37.61,Good
Berwick Bassett,2025-01-02T15:46:00,162.289,Good
Ponyfield,2025-01-03T09:21:00,-1.41,Good
Main Road Croxton,2025-01-03T12:26:00,13.49,Good
Croxton Heath,2025-01-06T11:54:00,29.06,Suspect
Rats Pen Lane Chalk,2025-01-06T12:04:00,7.95,Good
Crudwell,2025-01-06T14:48:00,92.53,Good
East Leake,2025-01-07T10:51:00,29.96,Good
Tollgate,2025-01-07T10:52:00,10.79,Good
Cockley Cley Copse,2025-01-07T11:18:00,21.5,Good
Pickworth,2025-01-07T12:30:00,32.31,Good
Sproxton,2025-01-07T14:44:00,46.818,Good
Walcot,2025-01-08T09:47:00,18.03,Good
Caldecote Farm,2025-01-08T12:07:00,7.545,Good
Plucks Gutter,2025-01-08T12:53:00,1.27,Good
Lynstead,2025-01-09T10:59:00,19.013,Good
Blowing Stone Cottage,2025-01-10T13:14:00,118.51,Good
Hyde Cottages Risby,2025-01-10T13:16:00,28.59,Good
Spoondell,2025-01-14T14:25:00,134.08,Good
Berwick Bassett,2025-01-15T14:59:00,163.039,Good
Trowley Bottom Farm,2025-01-16T11:20:00,109.93,Good
Slough Farm,2025-01-17T08:36:00,3.36,Good
Whitworth Hall,2025-01-17T12:53:00,54.8,Good
Hungerdowns Farm,2025-01-17T13:27:00,32.92,Good
Frome,2025-01-20T10:11:00,55.89,Good
Upavaon Shallow,2025-01-20T14:14:00,90.83,Good
West Cowick,2025-01-21T10:29:00,5.831,Good
Lydeards Hill,2025-01-22T10:17:00,325.68,Good
Pipe Green,2025-01-22T12:19:00,81.31,Unchecked
Black Hall Farm,2025-01-22T14:08:00,106.41,Unchecked
Winchester Guildhall,2025-01-23T10:05:00,33.62,Good
Marlston Farm,2025-01-23T11:35:00,70.947,Good
Wrelton Paddock,2025-01-23T12:01:00,31.66,Good
Myddlewood,2025-01-27T09:50:00,62.13,Unchecked
Ingleby,2025-01-28T09:21:00,45.92,Good
Sutton Top Field Spinney,2025-01-28T11:26:00,15.75,Good
Sutton Heath Road,2025-01-28T11:27:00,19.15,Good
Hambleton,2025-01-28T12:49:00,5.53,Good
Sherburn Quarry 3,2025-01-28T14:04:00,17.358,Good
Hornsea,2025-01-29T10:23:00,17.74,Good
Woore,2025-01-29T13:37:00,136.805,Unchecked
Old Hall,2025-01-29T14:22:00,40.02,Good
Kemps Drift,2025-01-30T13:37:00,11.56,Good
Amotherby,2025-01-31T11:39:00,19.37,Good
Itteringham 2,2025-01-31T12:18:00,31.05,Good
North Plantation,2025-02-03T11:59:00,65.8,Good
Trowley Bottom Farm,2025-02-03T12:03:00,109.92,Good
Rats Pen Lane Chalk,2025-02-04T07:48:00,7.97,Good
Mill Road,2025-02-04T07:53:00,18.49,Suspect
Spoondell,2025-02-04T09:34:00,133.91,Good
Grange Farm West Wratting,2025-02-04T10:48:00,66.7,Good
Tollgate,2025-02-04T13:26:00,10.91,Good
Ponyfield,2025-02-05T11:56:00,-1.37,Good
Plucks Gutter,2025-02-06T11:07:00,1.24,Good
Croxton Heath,2025-02-07T08:36:00,29.32,Suspect
Thames Head,2025-02-07T12:10:00,101.35,Good
Crudwell,2025-02-07T12:24:00,92.39,Good
Wested Farm,2025-02-10T09:40:00,43.81,Good
Hyde Cottages Risby,2025-02-10T12:27:00,28.83,Good
Main Road Croxton,2025-02-11T13:32:00,13.73,Good
Old Mill Farm T,2025-02-12T08:49:00,13.1,Good
Old Mill Farm B,2025-02-12T08:50:00,13.037,Good
Walcot,2025-02-13T09:33:00,16.53,Good
Pickworth,2025-02-14T12:05:00,29.18,Good
East Leake,2025-02-14T13:01:00,28.77,Good
Wrelton Paddock,2025-02-17T11:13:00,31.05,Good
Amotherby,2025-02-17T11:24:00,18.76,Good
Whitworth Hall,2025-02-17T13:34:00,54.92,Good
Bow Wow,2025-02-17T14:15:00,88.528,Good
Blowing Stone Cottage,2025-02-18T09:44:00,119.92,Good
Sproxton,2025-02-18T15:20:00,44.91,Good
Shawbury Park A,2025-02-19T09:20:00,64.76,Unchecked
Hornsea,2025-02-19T09:26:00,16.85,Good
Itteringham 2,2025-02-19T09:45:00,31.09,Good
Wood Mill Farm,2025-02-19T10:25:00,59.4,Unchecked
Sutton Heath Road,2025-02-19T10:26:00,19.28,Good
Sutton Top Field Spinney,2025-02-19T10:58:00,17.88,Good
Frome,2025-02-19T10:59:00,55.94,Good
Old Hall,2025-02-19T11:49:00,39.19,Good
Wood Mill Farm,2025-02-20T09:37:00,63.5,Unchecked
West Cowick,2025-02-21T09:21:00,5.771,Good
Ingleby,2025-02-21T09:33:00,45.93,Unchecked
Winchester Guildhall,2025-02-21T10:59:00,33.71,Good
Kemps Drift,2025-02-21T11:04:00,11.595,Good
Lydeards Hill,2025-02-24T10:07:00,324.8,Good
Myddlewood,2025-02-24T10:40:00,61.87,Unchecked
Lynstead,2025-02-25T09:02:00,19.443,Good
Black Hall Farm,2025-02-25T11:00:00,106.15,Unchecked
Sherburn Quarry 3,2025-02-25T12:32:00,17.208,Good
Rowton,2025-02-26T11:50:00,59.08,Unchecked
Upavaon Shallow,2025-02-26T12:42:00,91.09,Good
Mayhouse Farm,2025-02-26T12:46:00,36.8,Unchecked
Slough Farm,2025-02-28T08:14:00,3.34,Good
Hungerdowns Farm,2025-02-28T08:44:00,32.9,Good
Upavon Deep,2025-02-28T11:53:00,91.47,Good
Pipe Green,2025-02-28T15:06:00,81.25,Unchecked
Hyde Cottages Risby,2025-03-03T10:56:00,28.79,Good
Pickworth,2025-03-03T11:06:00,28.48,Good
Main Road Croxton,2025-03-03T15:13:00,13.55,Good
Rats Pen Lane Chalk,2025-03-04T06:57:00,7.97,Good
Mill Road,2025-03-04T07:49:00,18.49,Suspect
Tollgate,2025-03-04T08:09:00,10.94,Good
Trowley Bottom Farm,2025-03-04T11:09:00,110.01,Good
Aughton Cliffs Farm,2025-03-05T10:20:00,17.63,Good
Lynstead,2025-03-06T08:44:00,19.503,Good
Croxton Heath,2025-03-07T09:02:00,29.43,Suspect
Walcot,2025-03-07T09:40:00,6.31,Good
Crudwell,2025-03-07T10:35:00,92.0,Good
Grange Farm West Wratting,2025-03-07T10:45:00,66.89,Good
Wested Farm,2025-03-10T08:47:00,43.97,Good
Old Mill Farm B,2025-03-10T09:54:00,12.927,Good
Old Mill Farm T,2025-03-10T09:54:00,12.98,Good
Thames Head,2025-03-10T11:43:00,100.93,Good
Plucks Gutter,2025-03-11T09:15:00,1.26,Good
East Leake,2025-03-12T08:36:00,28.8,Good
Spoondell,2025-03-12T10:46:00,134.17,Good
Sutton Heath Road,2025-03-14T14:10:00,19.15,Good
Sutton Top Field Spinney,2025-03-14T14:20:00,15.58,Good
Whitworth Hall,2025-03-17T10:10:00,54.93,Good
Hornsea,2025-03-17T13:34:00,16.61,Good
Wrelton Paddock,2025-03-18T09:25:00,30.77,Good
Blowing Stone Cottage,2025-03-18T11:22:00,117.82,Good
Isleham Fen,2025-03-18T12:18:00,-3.31,Suspect
Amotherby,2025-03-19T11:22:00,17.75,Good
North Plantation,2025-03-19T11:52:00,65.83,Good
Upavaon Shallow,2025-03-19T12:06:00,91.77,Good
Blackmore Farm,2025-03-19T12:08:00,113.94,Good
Cundall Sandstone,2025-03-19T13:43:00,16.6,Good
Kemps Drift,2025-03-20T11:33:00,11.52,Good
Winchester Guildhall,2025-03-20T12:00:00,33.62,Good
Bow Wow,2025-03-20T14:52:00,88.411,Good
Ingleby,2025-03-21T10:47:00,45.96,Unchecked
Ponyfield,2025-03-21T12:02:00,-1.1,Good
Brislands Lane,2025-03-25T10:18:00,93.1,Good
Warnford Estate,2025-03-25T12:46:00,67.76,Good
West Cowick,2025-03-26T09:00:00,5.486,Good
Myddlewood,2025-03-26T09:45:00,61.73,Unchecked
Slough Farm,2025-03-26T15:44:00,3.33,Good
Hungerdowns Farm,2025-03-28T09:07:00,32.87,Good
Frome,2025-03-28T09:55:00,55.17,Good
Sherburn Quarry 3,2025-03-28T12:04:00,17.158,Good
Old Hall,2025-03-31T09:52:00,39.41,Good
Itteringham 2,2025-03-31T10:31:00,31.02,Good
Willow Tree Farm,2025-03-31T11:30:00,71.54,Good
Mill Road,2025-04-01T07:14:00,18.46,Suspect
Rats Pen Lane Chalk,2025-04-02T07:14:00,7.68,Good
Walcot,2025-04-02T08:07:00,15.3,Good
Caldecote Farm,2025-04-03T09:19:00,7.37,Good
Cockley Cley Copse,2025-04-03T10:02:00,21.41,Good
Spoondell,2025-04-04T06:57:00,132.77,Good
Trowley Bottom Farm,2025-04-04T08:09:00,109.64,Good
Croxton Heath,2025-04-04T09:12:00,29.42,Suspect
Hyde Cottages Risby,2025-04-04T09:41:00,28.9,Good
Pickworth,2025-04-04T11:05:00,25.45,Good
Main Road Croxton,2025-04-04T11:49:00,13.36,Good
Fox Hall,2025-04-08T09:26:00,77.41,Unchecked
Bow Wow,2025-04-08T14:23:00,88.141,Good
Sutton Heath Road,2025-04-11T11:50:00,19.0,Good
Rowton,2025-04-14T06:37:00,60.73,Unchecked
Wood Mill Farm,2025-04-14T06:55:00,63.5,Unchecked
Wood Mill Farm,2025-04-14T06:57:00,60.1,Unchecked
Grange Farm West Wratting,2025-04-14T09:18:00,66.45,Good
Crudwell,2025-04-15T07:11:00,88.84,Good
Thames Head,2025-04-15T07:52:00,99.75,Good
Black Hall Farm,2025-04-15T09:33:00,105.77,Unchecked
Sutton Top Field Spinney,2025-04-15T09:40:00,15.41,Good
Amotherby,2025-04-15T12:44:00,16.99,Good
Ponyfield,2025-04-22T09:11:00,-1.18,Good
East Leake,2025-04-22T10:37:00,28.64,Good
Woore,2025-04-22T10:41:00,136.935,Unchecked
Frome,2025-04-23T10:13:00,55.05,Good
Ingleby,2025-04-23T10:29:00,45.94,Unchecked
Winchester Guildhall,2025-04-24T06:32:00,33.42,Good
Hungerdowns Farm,2025-04-24T07:56:00,32.78,Good
Whitworth Hall,2025-04-24T09:09:00,54.94,Good
Slough Farm,2025-04-24T09:43:00,-3.06,Good
Lydeards Hill,2025-04-24T09:59:00,321.51,Good
Hambleton,2025-04-24T12:05:00,5.095,Good
Sherburn Quarry 3,2025-04-24T13:29:00,17.068,Good
West Cowick,2025-04-25T08:44:00,4.851,Good
Upavon Deep,2025-04-25T10:12:00,90.85,Good
Upavaon Shallow,2025-04-25T10:14:00,90.44,Good
Myddlewood,2025-04-28T07:45:00,61.86,Unchecked
Kemps Drift,2025-04-28T09:28:00,11.465,Good
Mayhouse Farm,2025-04-28T09:57:00,34.95,Unchecked
Itteringham 2,2025-04-28T14:40:00,31.02,Good
Blowing Stone Cottage,2025-04-29T09:37:00,113.89,Good
Old Hall,2025-04-29T11:09:00,39.19,Good
North Stoke,2025-04-29T13:17:00,4.468,Good
Hornsea,2025-04-29T13:40:00,15.46,Good
Mill Road,2025-05-01T06:28:00,18.4,Suspect
Croxton Heath,2025-05-01T08:49:00,29.2,Unchecked
Hyde Cottages Risby,2025-05-01T10:43:00,28.42,Unchecked
Main Road Croxton,2025-05-01T12:48:00,12.96,Unchecked
Spoondell,2025-05-02T07:35:00,131.31,Good
Rats Pen Lane Chalk,2025-05-02T08:42:00,7.76,Good
Trowley Bottom Farm,2025-05-02T09:22:00,109.37,Good
Pipe Green,2025-05-02T10:53:00,81.56,Unchecked
Thames Head,2025-05-07T11:26:00,98.88,Good
Grange Farm West Wratting,2025-05-08T09:39:00,66.05,Good
East Leake,2025-05-12T06:38:00,28.6,Unchecked
Walcot,2025-05-12T08:03:00,14.87,Good
North Plantation,2025-05-12T10:30:00,65.94,Good
Pickworth,2025-05-13T10:04:00,24.05,Good
Jackaments Bottom,2025-05-13T12:00:00,98.028,Good
Ponyfield,2025-05-15T07:52:00,-1.24,Unchecked
Hambleton,2025-05-15T11:00:00,4.98,Good
Amotherby,2025-05-16T10:16:00,15.37,Good
Ingleby,2025-05-19T08:14:00,46.05,Unchecked
Crudwell,2025-05-19T13:11:00,84.75,Good
Wrelton Paddock,2025-05-20T11:01:00,-1118.45,Good
North Stoke,2025-05-20T14:03:00,3.758,Good
Hornsea,2025-05-20T14:09:00,15.08,Good
Winchester Guildhall,2025-05-21T15:50:00,33.24,Good
Old Hall,2025-05-22T10:12:00,38.98,Good
Itteringham 2,2025-05-23T08:23:00,31.01,Good
Hungerdowns Farm,2025-05-23T11:48:00,32.67,Good
Slough Farm,2025-05-23T12:06:00,2.96,Good
West Cowick,2025-05-27T08:41:00,4.291,Good
Whitworth Hall,2025-05-27T11:46:00,54.91,Good
Sherburn Quarry 3,2025-05-27T12:10:00,16.978,Good
Blowing Stone Cottage,2025-05-28T10:39:00,112.39,Good
Myddlewood,2025-05-29T07:55:00,61.94,Unchecked
Kemps Drift,2025-05-29T07:56:00,11.47,Good
Willow Tree Farm,2025-06-05T14:30:00,71.099,Good
